user_id,recycle_actions,purchases,eco_score
463b1b80-e5cd-4d16-befe-6614b860c8c6,13,13,96.61175464559074
78aee29c-9814-496b-a316-1ea31882f71f,10,9,85.27357683888019
1032b766-a29b-46f9-b746-9707b27080d7,18,11,100.0
12d2678b-a862-45d3-bba1-8c2abbf71740,15,17,100.0
529dcb9c-b77a-48d9-b469-57961aa585b8,3,17,70.50796122898821
90baf3f2-18d2-48e7-999d-d4193522fc82,17,7,84.27059045354193
7a601043-04b5-4f70-a6a9-0669686ab1fc,18,4,76.49723952280807
084745c9-20d9-4718-8393-f00326cf279a,12,1,45.88126475819523
3cddc283-6bbe-4c5a-902f-411ddb1fb8f8,15,0,57.66923550062867
4698e46f-568a-4f82-b142-25f35128f498,9,4,40.304171090042416
f60c8fce-ab27-462d-a43e-b23438f1568f,14,5,72.08587835292113
ce967842-c96e-4cae-8d73-9291d9ad28ac,13,7,76.91591687725703
1273ee85-e680-4b80-8b35-43bf52493d15,19,17,92.50482566829153
f0a0a75a-f504-4e45-b7f4-1ab52e9060b6,11,9,60.37414438783477
36652f80-26a9-40be-95b5-14460ee3eab3,16,4,65.80433476062171
de863be4-67d9-41bc-89f7-16ada9c845b9,16,1,44.60443572512964
3fc0da5e-6542-4338-abce-c1886985c467,2,2,11.646654934801902
ad59497b-5966-4b10-976d-555dd5fadab3,3,4,9.537868349930303
689e9575-0d25-44e7-b8fe-db5643a3d741,18,3,69.2632685216539
ffee673c-c691-4634-b41b-1d0b3296c770,2,4,1.0
cd8cbcc0-a5c7-4d73-b3e6-e08a87cef7a7,5,12,63.03831976868523
4aa197db-577f-4ac3-af4d-354255a88cc4,6,14,65.1190499188374
333f7dad-558b-4274-bd85-c8e5500a772d,9,1,29.772527169320508
d2c12fab-5bf5-4ca2-9a8f-1632c599a579,11,0,45.54874163101429
ab87c4df-88f3-43fc-9b77-8a6b7277eb03,10,2,41.24347973380257
11549595-fdb9-4b2a-a792-f5d0247e9a34,18,0,66.03679943105845
94997f98-02b3-40c7-94c5-73bec2162d73,19,11,100.0
42746d87-9675-4a47-8a79-88d40130bc04,15,9,93.32667065650418
1331a197-6d59-4bff-ac1c-8e353c671e45,13,18,91.38858594797384
69ce298c-b349-4db7-adde-7fd0bcfd9c59,18,11,93.0478321885929
69719e58-5580-41a9-a58f-a42c58756191,5,10,51.109636225209556
67d01621-44ca-4c25-b56a-912155621df6,13,9,78.87895538969569
ee696ac3-236d-49c9-ba7a-c9a825a09c6e,0,8,23.352971138696628
9809f1a6-fdf9-427a-a7b5-fcd01412031f,8,1,14.716897210156272
fa1943e3-dc0a-48fa-a420-3482223d55ed,2,2,12.105713765967582
3ad9d63c-d541-4a85-96b3-0f242fe5f51d,18,1,67.8294066643886
66c354c1-5d52-4faf-a64c-1987577c619c,13,15,100.0
5ab82683-1c19-4220-bc5b-9726ca55d00a,1,11,28.71875119111547
8fbecb68-fad6-433b-b217-82a05e4f0aac,11,9,79.19661961721751
93cea637-5dd6-4369-a1e4-313c0581a005,6,18,66.82923933770977
11ad120a-2cf1-4799-8cf1-b208f749f023,8,6,46.595930793833176
a3f52976-69b4-4977-8e8c-1c45627dda51,3,18,79.53858523713522
6db2d952-c575-401a-ab18-2d571d32d8a5,12,18,93.21868576246666
e5b7b02c-acd4-4b88-b591-fad90d566dff,2,19,83.23898674872106
234fbdb8-3a80-41ec-b16c-ccf0a6dabd5f,17,14,98.97243250605649
49ddf40d-150d-4cf9-8e1a-6be7a9ea57db,10,0,18.98798161671653
076810bd-7e5e-4cce-890c-bdb1ff4f5876,13,12,100.0
9163b1b3-3345-4d9c-a209-eff4cc7fcedf,1,0,1.0
3f69d2d3-a70c-4cbe-aad7-9a608f5335bc,15,6,69.07179443953856
2f1df178-2796-462a-91fa-51afba17f5ff,13,2,25.21503181761628
e41355ba-5331-474f-9744-89c274bbe329,14,2,54.84569332664364
ac1cbb94-e979-40af-9d1a-576e77fe3139,6,0,6.042077741536291
bb8f467f-e635-4bfc-90ef-6a7d2457d0b6,7,14,68.87299399801802
7b273170-82b9-4ce8-b04d-6a8cdde74493,3,16,69.00198802380523
b52a35ec-02d3-4492-8d7b-2a90435e6184,6,16,74.00830598661766
fc2e8718-a4e1-442e-9c47-f3cd9fdaf527,1,14,52.083489512968505
7bead4e1-8389-41d5-b915-c32392894ec2,4,0,1.0
4c2c24ae-fa9b-47a5-91ec-9b0bfaf95bf7,5,0,1.0
fa30c6b2-8725-49a3-99ef-dc689d355dce,19,4,91.04638482006027
924a1eab-5c88-492b-b83b-45421084c5d8,15,2,55.817417066363774
203cba50-1645-40e9-bc30-b01eb8d73adf,11,18,100.0
e4994053-79f4-454c-b8d0-6c4174bb1b18,2,12,35.254687496980395
a19456ed-3a4f-4702-91cf-46dccb5a7f86,4,9,53.80683590705087
991aa038-934e-4d3a-a762-54008270c98e,18,18,100.0
2ea5d2da-a5ac-43b2-b29e-59b4babbf31f,14,3,64.29964774390984
99de538c-1ac4-4a62-9da4-9118bf4a4d88,19,18,94.12585225573582
de0bcf31-4cec-4644-a818-fd78ae88c10e,8,7,52.081073412772135
37ee0e7e-2e6c-464a-8d28-c709a0307841,15,14,97.58351941571131
5d054c77-fa5e-4925-ae29-39ec213e23f7,6,2,17.813162907620043
f3669078-b397-4e38-a385-947ecd9d847c,13,1,38.12481447419802
784369b0-6ad4-497f-ae36-cbe6887c8f6d,19,18,100.0
e1b9a05b-1fb4-40f6-87ae-410bf5978179,3,1,14.43243713948144
f1e3566f-d117-4e39-806b-a728025dc3ee,4,18,65.07282627453813
8a64b318-39f7-41c9-a92c-20b84eb22461,4,10,49.126660751036994
a3da735c-7d04-4e0f-9998-ff5183d2f53d,17,7,88.2696868104435
0a703e85-5e25-4c7d-9a38-339fd7cac1cf,15,9,80.86186935467181
6ee5684a-0849-4fa2-9563-f4f745345211,8,4,46.04432816357548
8a7dae70-d1cc-42e0-bf81-4fd02a16b350,8,18,96.81482159558117
d8047b65-504d-479c-a66e-8e505214e1ba,0,7,15.042781557614475
87c6e75f-96b8-4a49-8d26-21636767161e,10,15,91.83509488041467
a4ffce8d-28a8-464f-9c8f-dc37a9bf9e60,2,15,66.2790405602177
8f07a855-37a2-4ae0-8862-5d90a48c12da,13,18,100.0
6a34d55b-9154-465e-8606-483f8352831a,5,6,27.78426682525813
07d224b7-b71e-4df5-b362-de53711dfbf2,14,17,100.0
dc9d910d-ee5c-42e0-b4f2-21bb12c6fd66,6,3,25.217991761336386
2e8970bb-40ab-494e-8077-a778ffb3f919,17,12,100.0
8a6cf1a6-3f53-4c5d-92ce-2fa640aaf5b9,14,8,91.5964015881393
7d796e02-30e1-420a-bf77-aa4fe3c01900,13,15,100.0
76c96aba-c279-4e7c-a6e6-fd2b6793f796,1,12,51.43595761712601
1ea51f1a-0526-4faf-8639-0da374a8119e,7,11,71.07728251162317
bb221fb2-5edc-447c-9c18-da6e900a2563,8,9,39.915268783548576
a1850911-df9a-47b7-9d69-878f64d06a68,2,3,1.0
d9431195-7f91-41fd-9cd3-6c76e629d337,17,4,64.3402690784182
a68926d7-40d8-4b37-9d6d-423bbc485aa0,1,0,1.0
97f077b6-5d0f-49a5-a460-72bf8ceec95a,17,15,100.0
be95a23c-d9cb-474c-b7b6-90bb6e0d68d0,5,1,26.702619291813914
52e58bba-aee7-4130-a757-b2cba826c588,4,10,51.74092136948404
3d8a6dc5-0696-4d6e-b382-6459cfd26acd,11,17,100.0
4c7ae085-f177-4efa-ad41-e6b98e9cbef3,15,8,71.40984379485046
c4ff535d-08b2-4821-a86e-eed2bf3bb5ef,18,16,92.01414972139635
e3a951cf-9cd8-4f18-8f5a-75ef2e1d855c,1,5,23.895548453474028
baafb5d0-39f8-4fc8-a73e-5e6d24841edb,1,12,40.629759369845075
d2b07ce4-7eff-4bcd-bb2c-1c44d97346ac,13,12,83.28522800914835
a37d778f-c702-4fd2-a567-64f4c36c44d3,10,3,31.49192990193623
fa9d57ae-f166-42a8-9a09-0fbfc8e79cd3,6,6,33.83452102882165
95430c08-d76a-4ac9-bfb8-0c1a8c43ff15,2,15,55.714865092155875
8ea764c1-88d7-4b04-ac34-6597a8678599,18,18,99.91610117430272
fc159c48-592b-4d73-9ac4-4d51688f5e9a,3,4,14.402147213052455
e39581ed-945f-48d5-ae73-2f5db4ddf41c,5,4,35.68326541793343
0432a121-db8e-4396-b45d-d82ee550a062,14,15,83.85013760597266
07b25d68-af71-4eff-a808-0149abb4faa6,16,15,100.0
fbdc353e-91a1-48df-8c4f-89b5cf4f84e3,1,2,1.4788626843391988
04c19bd8-b481-4e58-8389-bb964749ee97,9,13,57.541391841054335
d86c4ad6-a41c-4240-9630-e02dad00762c,18,9,89.52442815860046
c55635bc-4f82-4a71-9745-fe21d50bc5ed,17,13,88.64819779639781
c5d87842-eb98-4533-979f-05c9eb122abf,12,15,87.68173849493085
a58970d9-9928-48f4-8790-368c799bb645,7,7,55.47718218723122
33160c51-6fe4-4623-ade5-1a71a2d6cc1c,8,2,21.285084052098835
787e9101-a036-41fd-af5f-179b03c5a1d1,12,14,91.95299320228628
41c6ba58-dbad-4256-b93a-2676061bfcfb,0,14,41.57284932645301
b51dd5e9-566f-40bc-969e-2f56807aaa0b,15,6,66.7751806189846
58b9ae89-1fe9-4c8e-886b-b54ba7430f4a,13,18,100.0
c03c5c26-933b-484d-a92b-164dccd5930f,18,13,88.92901101519558
1a26b456-acb4-491c-8bf5-17951a5946e8,14,7,60.96745398326923
afd92453-e1ab-4ea6-935a-c2ea6c90911f,18,12,100.0
efef10f0-1637-4090-a4cc-cd95cc5ebff1,1,17,48.91718998538237
d9e8dfd2-c240-4417-86a9-75f6e1160b9e,15,18,95.2315947776255
765bd580-7e60-46c7-bfa3-140912b4c7ed,3,16,61.42515565485357
9d79b5ae-4507-49f5-8009-d85abc7ad96c,17,2,63.20749449673222
82c1aa3e-887b-44df-bb6f-f2fa5ab0ddea,8,2,21.35829337581832
08a49e62-084e-415e-8964-6948db7fe311,19,18,99.43208431737706
f6b284aa-8049-445f-a680-44077973cf63,10,0,18.261281943187015
ef2db098-bd3c-4f08-85dd-9f62487ed05f,19,3,55.86989554743197
361f5723-72fb-42fd-8fe0-7d372bcd3021,10,13,89.1058584269759
ca70ab58-7dbe-47db-a2cf-0d1b646088d0,6,12,53.354889297525375
781b76aa-c4ce-4ff5-bed0-042493db5d3f,5,11,72.31861325414538
1531ef50-2437-4dbb-8288-ac8365198bfb,11,19,99.93923173884819
9ad6835a-e0ca-4766-9cd9-92e9c390bf05,5,8,46.01939712210603
e7639ed8-373e-45a1-9e76-fff9a4250afb,19,11,92.23829632562695
e9ea4608-7912-4cb6-82a0-10ee05868f39,12,11,88.54294272699303
e7d61913-6771-41c8-b70e-87c98d9280b3,12,11,89.09715915590013
f02f50ae-078a-47af-b459-a9e1dd07a8b6,2,7,11.535690601709131
dacebf9c-41f6-497d-86d5-a801d014bc9b,16,7,79.55205263565462
2b40deb6-584e-440b-a9f6-8d1166e819a5,7,16,85.85427264654062
53b71fb0-a1c4-4b0d-8299-8ac7c0af7b83,4,18,76.47911667079006
3fa03982-51d0-4e03-a7c0-364e5e05c299,18,7,95.55189289265734
3920c25e-c5c1-4c77-9f65-738a5f77aa3c,19,9,100.0
4c9a6f4b-c069-4c73-b61c-3d5949a3e06c,9,6,63.15004163656539
2c6f2bc6-f2dc-40a7-b5b7-f12989ed87d4,11,4,54.690158211174655
a046f05e-f335-40d8-b371-0db9a4c4f132,16,4,67.71319131687501
a677436a-c26e-4012-987a-f021f78f5205,0,3,30.89027126501558
931eabe1-096c-4c3f-841b-e8181117d14c,15,3,65.8621103660627
17aef747-a09e-4a93-b1db-7821cf1a7971,4,3,1.0
e02ad53e-ac72-43f5-a98b-c6e87f6cf074,3,4,19.31144385005388
50f18eaa-be57-4514-aeb2-aedb95fc3b6f,11,2,61.81892991492591
41a0689a-81ef-4968-bdf6-342e4ee3a697,0,7,28.46361531595731
621ac2e2-9365-4ff2-8ff9-cc8ce3928329,16,7,73.8847008370361
6528bd4f-f072-4253-83bb-dc4e57a8a9a2,6,6,38.02096985383018
d2cf9d79-921a-422e-ac97-649e59c4b91a,12,3,36.860433545939955
624f3897-ff70-40cc-aa12-baa1ba04a997,10,12,81.17554135426427
1283a970-13af-4f97-bc12-fd60ecaff67d,17,8,88.17795012215338
3044a90d-3c6b-4616-8ea1-66e4cdc9d732,2,15,50.79944561136317
01236e1c-cf2e-42e9-bf15-bfbcd312b711,2,4,6.345177549652772
c7927b1d-88d1-4ed4-8639-1ae8da4d0e43,17,3,71.2206648042138
1f768599-a1e1-4f8b-9283-f4c277eb1c06,17,12,95.38712863550624
198f5177-3287-4640-affd-0286b2f92daa,1,12,31.63437548451818
2fdd7359-75d2-4205-b503-28286ac11fb9,13,12,87.83143959734764
719635cc-328a-4b09-8f57-fcf2797aedc2,13,6,51.61201859532978
e6e850d8-0991-4df3-85c6-c07210c7233c,9,7,63.18724447644655
47ebe77b-1b82-4c8b-80da-e8c806df6a72,12,18,96.85866809636755
07ffe90d-2f82-4f05-a600-2eb95e11f904,0,0,1.0
009d067b-524e-43ac-8527-5065a5b5233d,1,6,19.955686931936597
bffa1224-88d7-4c86-b5f4-9eb260ee0c51,1,9,20.56630003071447
6ea0ac38-8f64-41ef-8caa-d0c22e913d47,3,11,51.65202228298558
aa689a44-f5f1-46e6-ad05-f054fb145710,11,16,98.79104686877243
10bbe2c1-e614-42c5-8618-15bd6d51b6b9,3,2,1.0
d3abb908-abe5-493d-9afb-c7391d7b22a4,0,19,72.28009145971048
8449f0ef-1f77-4329-a23c-2f8ddae64b3d,13,8,72.8288372607907
980b73e5-716d-4214-86f7-ed0148b25bf8,15,19,100.0
fc5c304a-0625-4add-8b93-d78677dd2518,8,4,27.247530317875682
db93b4c1-1093-403f-a5c4-664110c40996,3,0,8.587094772229491
0041533d-ab07-4064-9dd0-cb3011311569,8,3,31.119821463540276
4c6f27a4-e887-40d9-9646-ad1a8881b703,7,15,88.6775733137505
9146fb26-ca82-4018-b2fc-f14ca5e88517,17,5,60.499248290016844
675203a1-8a3d-40be-8a14-4a35f9f740d8,1,2,11.080098275254375
6b9afcd8-1dcf-4d45-841f-a2db649a13e7,15,0,46.20709999397008
21694c3f-74ed-47a3-a8ff-57e32e958818,9,14,72.3503913422877
57a64705-01ed-4e3a-829e-4a3131abc29d,11,10,80.24301755076613
c41ca068-9f79-4b05-8a87-277ee4b838ae,9,3,34.923331444478045
91f641cd-a171-4f48-b7d7-fe3d882e0db2,4,14,80.64138181035209
6b249acb-0d00-45ae-b493-0eac8f135e28,12,7,72.7479711476086
46d6015f-1c2a-4690-b5a0-5189baa447c5,9,19,90.83914277089656
3e5d03f7-07f4-40f5-8f56-b52d3ebb5c69,19,3,53.929359712768346
fffcb04d-b3c9-4f0b-ae87-b01199c787dd,4,2,1.0
ffe3cdb7-fc55-458c-b4c5-b97394fe0639,5,17,70.50755383290557
f30afc05-a425-4da3-a773-d30e88d1ee0d,8,15,78.72590494188346
72950495-16f0-493b-951e-f6fe3eafcb26,18,8,100.0
265d382a-4804-48d3-945e-69a7a17d0c92,1,8,25.00974497819929
1f580b52-0b0a-4813-8d37-25e271108523,9,18,100.0
b58eb26d-8c1d-4c1c-ae1b-36ecbabd14ac,11,1,18.93706657142806
0f5463b1-90f8-4482-95fc-919cecd29253,18,11,100.0
b0beb3d7-f441-44d3-9de5-5e9fee22db96,1,3,1.0
fa1f8fcf-c4b3-477f-a28a-bfdfbf5c2eb0,12,6,61.81044661682677
3234f94b-ffca-40a6-b8d8-cb3825a1011a,11,4,63.035791818515925
2cb8dca0-8f28-44c5-b8e1-6c65f979d686,19,19,100.0
2c76faed-bfa1-400e-8502-4f3c961ea13e,18,5,73.59895761729777
e6ccd728-7a79-4fad-b04a-3375a061113a,17,2,61.41829240722538
76fba802-3c8d-48bd-ba74-6d2aeb3552ed,6,13,67.29936906431828
5c7b5f42-3900-4c7b-aaaa-3a020486cda3,15,4,62.10866080563173
3346bd37-d352-4f41-a85d-f673ceade6df,15,0,42.78869691212263
b1ca0881-7c4a-4fd1-9b13-c7c12fca1e89,15,9,62.43437961562494
3dac2e20-c139-4b11-8490-aab08c949f33,0,19,71.84453491210357
f1766098-a648-4f9e-bedc-6811e7c724c0,13,4,63.86766558648814
6e634fed-6010-4a9a-81bf-926a8fe99828,8,6,36.89547078364786
3634f8ef-cda0-410b-8cdc-839cf0d78360,1,8,31.4707603349163
80db6f43-f274-4505-a8d3-c8daf08aa431,18,12,96.49907326016415
bb2b686a-9c93-41f1-925a-c26b9a00102e,12,1,17.729620202027455
03c2c4db-9444-4f17-a24c-2775ecfe51f2,4,1,29.542473642037386
1943cb2d-b364-4c15-a80f-c23a3246f770,12,13,73.68997743254846
41cee733-1572-43f7-9c2b-6bf452af7587,15,10,76.56633841724776
c5e57336-4e71-4fb5-8ff8-273b6ab19c41,18,9,80.38874782884976
ca8adaf1-a0f6-450a-bc75-1e287be77a8e,12,19,100.0
977862a0-3608-4e7e-8e80-dd434c85a4e2,5,0,5.510701748845281
ed98d18f-7fd4-4671-936b-ab87f7f9abaa,6,1,1.0
46bb51d0-c6d9-4328-9969-62d7b1032654,1,7,15.58082209243636
62006272-eea9-407d-94a4-b050613143fd,16,7,71.53704600736704
ed6b798e-0d40-4b36-b8f8-ea9ce9ebcb67,8,10,62.6089926872749
c186e46c-73aa-4b71-9def-b0f575126dbe,10,7,59.48762013802514
84f86728-04aa-4eab-93fb-425cfbbb61ec,2,8,28.046628117442
7a638f08-a8ef-4d41-a685-fece06c03180,0,0,3.6589669806254674
ee8f238d-f7de-48bc-ad8a-8bce2a79a3c8,5,7,34.46462440610435
dd984e50-f0fe-43db-a62b-3b0b73d64d57,1,0,4.910282798012307
424b1cda-fa51-4935-aaa3-8284101f7b5b,2,8,38.885648462914205
8bc6535c-f059-4131-bdd5-083a24710476,18,8,99.54859934686934
bccd5bfd-9030-419a-9600-b2113eca6d0b,15,15,94.57935065575897
b680ddda-a964-47b1-8ca4-4cde0523b9ad,7,19,100.0
f3f5f7c4-06b7-41f2-a735-54b8b9a65704,6,2,33.933460214755556
76169acb-c651-4bcd-8672-ad5088bff6d7,2,2,1.0
b5d0c689-b17d-433c-9b0c-50047e9bcb82,14,14,100.0
f39f41f1-611a-47f5-b9a1-d46573c2ee2e,2,19,64.90056651568469
a1bb71d0-95ea-4d70-97be-68704d500363,6,4,20.044163949387773
c9f3caaf-c42d-44c1-82d2-0488c0819c5a,8,5,25.913329355379012
c97825a5-3d85-4880-becc-7a3133aa1851,3,11,34.188087682471526
e8e6c152-7e73-4cd0-9093-c57c66fc13ac,17,6,78.87090268146109
be0b7a05-3925-40c2-9db0-a1a92c9d0692,0,16,35.702702398645364
23d4b4ff-6072-4e50-bc21-4840f5882ebd,1,13,57.63294487988625
33d4213a-6da3-497c-b20b-9ee994676a0e,19,1,88.83209914067601
eeb96e37-4516-4fd0-a62e-0ecb99bc6a57,16,15,92.34204001671779
220bf8ff-72ac-4890-ad06-eab3b09acd91,2,4,13.177224049726398
c312e9ce-6b07-46ab-9d3f-837a26f2cd3a,5,15,52.63406141292229
9e2676c9-b95e-40cf-b01a-e32bdee84a52,0,9,24.053496843153113
cb663b6c-b053-46fa-aaeb-f1500e3963f7,11,16,100.0
170d9484-a300-43d3-bc3d-6a65936b378b,7,18,88.22848682601132
bc57ed91-b9c6-4e6e-b2b9-3426d57c23e1,16,16,92.23997735905577
ba17eb87-89ed-4ebe-974e-d25c36ecaa80,12,0,38.325470666750206
41061788-a07e-417c-97fc-5d63397cd336,14,11,100.0
3eeb5a01-4fe8-46cf-86fb-fa5ff33bce1c,7,19,94.2324206349838
dfa2b838-b849-4f84-8acc-3d6b0b186613,18,5,98.65416200857359
b07a5529-f1df-47f9-af02-0f5a776ff8f8,5,15,99.91889923214808
2a9578c4-2d3e-4f98-b546-f924cceedf8d,5,4,11.287370185727644
9a92a5d1-f076-4870-9b50-8563dcdd1dc7,7,19,100.0
730d6965-e4af-4894-bbfe-e75a071751dc,9,8,47.06935745592407
bae27919-e269-4e0e-ad1f-c5c0a1e90c26,8,9,63.16058335716696
61f860c6-ea1b-480a-af39-ca0e5d677d0e,5,16,56.12441558738406
73a5fafd-55aa-4be8-99d0-132fc2434492,17,12,100.0
74609ebc-9c44-4b19-85c4-b9dc98b466f7,16,10,86.1943208050726
c91d7a3f-1675-41d0-bb59-5d89d36ed258,9,16,90.65953767223559
ca2484a4-3e1f-4fe0-b7e0-413491852471,11,1,34.463959680182356
29f3bf40-2632-4f10-8a3c-70e5be420816,17,15,100.0
1c48f103-c829-4581-997e-0bc07b379f00,4,4,29.93016988175905
80706679-6b5f-44c5-bd78-5dd453171eb6,9,7,54.66189796803597
bacb74f7-8c10-4459-b717-5c029fa18aa3,8,4,45.88788430236447
13e2f58f-6a3b-4674-96e7-74ebdb9971e9,18,19,100.0
3cd68664-6a0b-402f-9b23-029f870f1e03,3,3,7.8280281395067
c6a48d4c-6103-4632-8613-eb24de97ba05,0,0,1.0
d86a916b-e4ba-4f5c-895d-7d85f8fa40b4,1,10,30.63195336480465
a44f02a1-555c-4ad0-963e-2b5d71f8cff2,0,16,55.78974200751643
19625778-3721-4248-a418-cb57e4f2f9c8,13,11,87.47477860930779
cd7ad709-f877-4583-8d21-9839aeaa4446,14,9,95.32922987731678
5777db25-6bb0-451b-9e91-b5dd784e8cae,0,11,66.64383432212941
bdea94bc-6913-41a8-abe5-ea6cd6eceddd,9,18,100.0
56711cee-3805-403f-b6d7-7187f890344e,11,4,56.0635450898992
80f7bfe0-c446-4a7b-86ab-a06803ebe5f9,11,10,83.59051225928506
767fbd1b-19dd-4c0a-8df9-579821e34072,9,9,80.83029714179872
d2332795-f3a9-40bf-a4a9-c4b765af19d7,16,3,72.2975049218812
1e1e4029-d5b9-4e3c-8a3f-aa4ce5f365ca,5,8,50.38751206754568
87c38f9e-ee25-4c8f-947c-f4a04e0dc1cb,7,0,2.819191052451057
3db1305b-dafa-4700-b5f8-dfd996a01370,6,18,72.97018831548253
0bc21b75-d1aa-4e71-88d8-373169022a03,0,4,12.761087891318605
1051828f-9aed-4895-b3d0-a32293b74b31,12,13,90.40677893791461
1ab22c03-e8f1-4f3d-922c-3d6f806efea8,13,5,65.18139749227866
b02ed97a-c7b5-4a0d-ad1e-9537bd3fda19,14,11,87.78993289697173
f069e7af-bcd0-4aef-8780-2ebad67319e0,0,4,14.643728964862504
94f2990e-a457-4784-a91c-f40ff4cc625d,5,14,71.81973345404653
80fe761f-166f-4994-921e-64ce2fd79c25,9,18,100.0
f784aa82-ebc1-498b-abea-c97558472c0a,4,1,4.5151893944525145
3a4d1e20-3266-4bed-9913-2b9379354a6d,9,11,52.76271312478328
b43a32d9-9609-4fbe-9b19-49a59658a21b,8,8,58.24971685726821
918e1eda-1ffc-47e1-bd5e-42c98dbe2214,3,17,58.53446514442033
4e8141da-f6c3-4148-8311-7bb5137cc5b2,1,5,1.0
d4726725-4941-4360-8704-79e61fb39942,15,16,100.0
bb879e75-cd91-4944-bc93-108bb9a2c46c,11,9,59.01479452774274
8d6d44e0-a7e7-418d-a3b4-c25e4b410d90,14,7,83.2401319560313
d56dad16-667a-4e8d-a142-f9182c067167,16,7,92.89411575479721
e2c41206-3def-4281-81bf-e29fc5b75394,18,2,69.98064751804344
3d0c8881-59ed-4ab7-af14-b1b0a7fdbe87,7,5,40.15036581891798
7166feb4-f1e8-49ab-8d6b-c6fba3efa625,9,7,48.13908995246437
a60e1bec-db32-47c6-a72e-ae3a775fbc02,1,13,44.66578162828559
aee945c5-c1cb-4949-9566-6ff80db974ab,15,16,100.0
f538dba2-b355-4595-8173-1b1717a6fe58,9,11,51.98586601953933
acb7ca3f-f8a9-4de6-ab28-ac1e6d5f1f16,4,18,83.54401104809179
6dc9a72a-8c8f-4190-855f-518b07ba5100,6,6,48.605863132786475
c4d90d38-2ed3-4585-91f0-360cc9337919,17,16,100.0
824bbde0-fc67-42c1-8e21-daffa1cb7966,16,12,97.13072501489212
c4992603-58b1-45bb-80a1-1a316b08fb70,16,3,83.77433810329438
de6d7053-42be-4de2-a866-42f8b57d6746,18,7,79.90757647501434
14236f94-3324-474b-9d30-facc01d084d2,0,13,23.404300059791932
d8f10656-6a74-4480-823c-3e85118c89d3,15,10,91.08914007921976
d3636feb-7a4e-49d7-a4e2-fa4c188e2fd6,12,8,71.18137674527486
037f1ecd-4314-4803-b754-cf09b0b53860,12,12,91.18833812581207
8c2e124d-503d-4403-bf6b-52a3922d0495,16,9,86.50141975316413
e5a08fe9-2351-4f84-a7c8-8fe681c01ebf,18,7,82.34858695345307
fd72e0a9-ae28-4eac-945e-71ede58b8f1e,12,11,62.10777299523473
524a34c1-69a9-4826-8887-256745fd5d28,9,15,87.32978858910754
fcd3fe34-8c56-49d9-94af-0cc776e4a44d,14,15,89.76918971772197
f9377ee3-3379-4f19-a1d6-74b3bacdcf2e,13,1,54.66582762440593
46076f68-3685-42fb-b2f7-4f120e8392ea,1,10,22.33576998398705
d581e142-d4e6-406b-ad8c-882a2e57e32c,19,11,77.76023366608418
f8661cb8-1e80-4ef5-8fac-ad649b968a7d,2,6,8.331842738354325
45c646e0-9e29-482e-a545-2ecb35bb4e10,1,19,70.39957929001308
c691df1e-c375-4c95-8bcd-99c740085818,2,6,8.010011062502
323afe5e-4568-4bbc-8c90-4395508c5598,6,3,19.787656738177418
6f36fa7b-d6fc-466b-b4e8-cecb4141e4e8,7,4,45.9476792727826
82e5759e-7752-4a7f-8f0d-cc47ff0c136f,13,2,57.55471460160408
00b6b4c9-2571-4be1-aca3-c66291943861,14,0,42.137326596609604
34b6de53-bad2-4aff-a6bd-7a3968f75a33,4,7,23.9711870455858
db7a8655-fc36-498e-ba67-90daa585ab32,13,11,67.95215263248052
f928e1c0-fc15-40a8-877c-ef744cf2a1ef,12,8,82.55660900765729
178d53ed-d6cf-4fca-aeb7-271fa22142bd,8,8,48.373935553869146
9674e04c-7c22-4e53-8c47-113a97ebd17a,16,10,100.0
85b1ee74-1eed-4861-bb77-69ff1dcaa2e2,5,11,49.642372718449124
a763c771-8a7a-4504-a2eb-0a5a54910b77,1,1,1.0
e8e55bf2-5fdd-48e5-909e-d627c289b4e6,18,1,43.98987798796098
fcd1aa62-6e3f-45bc-b02a-c962fef83f6e,9,15,87.73097803808548
8aa51c88-cfa9-4106-8f8f-58bec5037ce5,11,14,96.3195008463484
6d157507-069c-4e81-bc56-f1e2c5debfd0,12,12,88.08827391960718
0f51f0ff-bb04-4c71-9b25-425f86eecf68,9,13,61.77046024944115
1705b5bb-12e8-4755-86f3-cc89600ddeff,9,10,65.09311733855172
92fab214-7e0d-4e81-b5e1-90f7a95955e4,14,13,98.03339116643036
84d6e78b-94f2-4a3e-a385-1a138d084c01,5,5,12.73462460531882
8e7310a8-8fcb-4835-b237-e8e8b59f0faa,15,7,78.40423725760756
53d18c5b-579c-49b6-8a32-888829cded4b,13,19,81.87019092769329
255cee1d-64f7-4463-8812-aa8ca2b09127,9,7,37.7044695645589
d30bbe23-ffa4-4ba6-bff9-bd114a5467f6,4,10,49.76743550146683
61591d40-0789-43f0-a85d-0371e23e0b3e,16,7,75.95041382734185
ae891003-8e09-4980-9aee-50f08138c1f6,2,2,1.0
f6c1d4d2-e033-445c-880f-05cebde346e5,14,15,100.0
5c6680f8-a55f-45bc-9e28-ea5e62d3743e,19,1,63.171057842981384
a2333d48-452b-4a33-9522-34a8a48f310c,5,7,28.005651603595833
23da53d4-0b59-46af-825b-0d4032bad700,13,17,95.16845644077193
2b89d08e-d21a-4eea-b8b0-9479ee5c1594,15,16,100.0
12c223fa-ccc7-44a7-9333-10fb75d91f8c,7,7,52.08535938712951
914ff95f-bbe9-49a6-9f67-4b1080ea3069,6,6,53.74321613805891
1e8d165e-9565-4a12-afb4-93f7f7802c01,17,16,100.0
be092191-1bc6-4d51-b224-2c9f0815a88b,6,0,12.980441665038056
b942c6b1-74a3-4832-9614-4e3b0b0b2e43,7,17,86.59204216597963
bb7424ac-6a38-4f68-b01f-7a314b4a7bf8,9,10,63.38222028417835
943ae827-ba3e-4082-be33-e954973b4220,1,19,65.45498845497728
ee92dfab-dfdc-4bb7-a17a-f932d844f1e4,2,7,22.093588026286366
90d07d31-3e11-43b9-9661-b8484ee7098f,16,19,100.0
24711c5a-294c-456d-86a9-9a423e1f84e5,5,15,76.61217094109077
ab1ac344-c276-4192-a279-9c8b722f8613,17,10,100.0
acd269f3-57a1-4976-870c-095b0188ae97,9,10,66.79168190960081
43e9335e-68c2-48f0-aa3b-3c67aacaba41,3,18,92.69189033529126
e6915118-66d8-4f66-9a71-0c0f5ad175ec,14,2,58.44272066276077
ddd5ffe6-c03a-4b94-9b81-36437d075b8e,10,15,87.79623761443713
733c7ad7-f21e-420f-aa8d-ea0042529341,10,3,45.33816789222723
7875cb14-036e-4554-a10f-32827c906fe8,3,11,54.2584846049259
b8cd4daa-6668-4d77-a1bb-222b70850831,13,0,27.800211084849913
a84f5ea3-2b04-4dad-9eee-037ba663ec65,2,15,49.29807480769639
d86a8ffd-f864-413f-8142-69a6f04cbef8,6,5,35.56592244108734
cee9e592-e04f-463d-b599-2b218860d71e,4,14,49.46476846669029
36bf5266-8a07-4966-a16e-0f845ed16806,8,9,50.65092171161453
ef2b45c2-cea9-49ce-b99e-6a011f533955,9,0,18.18382511101653
9aca2698-1430-4e15-af2d-6ca188658f40,3,5,26.860132160801623
2af7b3ab-ef0e-4924-94d3-dc71c00e04d0,5,10,74.71332008679398
072f8067-9942-4c92-8294-2ce3dbb99ea6,2,10,21.749760512726684
de49e6fb-ff02-493b-a629-85ea5c76133b,8,16,95.01714025337516
eb9a0e29-290d-409a-b495-045900123e8f,14,6,54.82136897479447
f8746b3f-7e81-46a3-8cc1-709c74c28e06,3,5,18.665955680095593
923c2806-83a1-4701-877f-b4ef420f8991,19,17,100.0
f1971a43-7d1a-44c2-a01f-023b0a3f4433,0,3,1.0
c67089d3-aafa-46a2-ab7a-9c949744779b,18,5,88.9768024688464
cfafa167-080d-419f-a6f2-81eab976c42f,14,11,89.02151925946372
95a9f1c7-5a05-44ec-ac30-a7e8768427c8,5,14,81.86402563521928
a5dd62a4-cc39-4e22-b43c-d26e8a6194bb,1,15,49.51163739455811
30ea9179-139c-4a49-8770-61cce0243252,17,1,69.29833850653588
ac971e82-85a0-4fba-836d-84a216dc3584,9,0,23.587037169608237
8c677856-2840-4d6a-8d81-ba3ed515e8f5,8,19,97.64016672502595
fd530b61-b90d-402d-b84b-556353acfce4,9,9,69.70991617223676
b27c2d2c-dbc6-4822-95e7-48cef229568f,16,3,41.45346975827607
b26bddb7-30cd-456b-bced-d63dc6a55c55,4,9,56.29074642002331
517d38dd-1cfc-41c8-9be5-ddb5ba6cea04,17,4,59.870626199357524
d9f000f1-76ee-4d0c-aefa-0b8a14d5696a,1,9,22.140803012791423
3f2dd19b-f9ee-49e4-80b2-ae36d731f541,15,4,62.77270701514187
7aa4a556-d0f4-4d43-8cba-9f293264a4e7,11,9,61.43112505997518
b94c4700-92d8-4539-89a7-40363c64b7dd,7,12,67.05902356125371
5d252dde-ce2a-4192-9b2f-7169b1835486,13,6,69.9599901727266
3e1deae0-ba6c-40e5-9fc4-1e3b3b8840dd,8,15,85.32737052470382
edc47903-1fb0-43d0-af8f-edbf71778362,7,19,100.0
db234572-7e3e-4f04-88c3-85bfeb04f918,11,12,83.2382250081244
ce946d03-9aeb-4ebf-8645-47e56e090cc5,12,7,74.96527185496018
bfc9f4f2-2c07-49f1-a76d-0516b534d7cd,15,18,92.91964411461323
d5fcb8e4-b9be-49b6-b95b-fe131ae16df3,2,12,61.57305765749099
fe2aeddd-4371-4727-83dc-b335bd830300,5,18,92.82568626273877
060bad8b-7e78-413f-83eb-a410b84e3481,4,13,67.82902135944964
5a44df50-ea63-4164-a747-9f95d015f9aa,10,2,17.378519738356218
30b05979-0e29-476c-854e-8af9f1df61aa,19,0,39.5592650052992
7bc82a60-d809-4f52-8ed5-186b18f2e3f4,17,0,64.79576184069352
f6a65cb7-cdeb-4248-8b58-a1decb88b961,13,1,46.43118202548117
58674c41-79cc-4f8f-86fe-108257573a17,3,2,22.860599335749562
a211a0f6-e346-4cb8-aeee-94b9fb56a58b,15,3,53.417330539217666
54a1e234-a37c-4564-9ed8-b48f839261e8,16,2,54.39613851666881
63df2dd1-1e19-43de-969e-394afd056d20,16,12,100.0
9c8744a6-b79a-4d78-9045-4a508ebaf16e,17,18,100.0
340bfa06-8279-4e6e-a11f-b34469fb69f0,12,1,32.024581060686245
06d6cf51-1229-4623-b741-e068d2728656,4,6,26.50911723466466
f36295d9-e2c1-4136-bb66-a531c76db9db,9,2,36.2235580962618
859fae06-2fce-4a05-ab13-1ef161f7936d,8,7,50.02004879062865
286becbf-2a75-44d3-8505-0b37479c783a,4,19,89.55414178244125
e323bb42-cbc2-49fe-920b-d03d6993519d,3,4,15.531112065260421
d1bb6ac0-0638-4580-9d03-f6876bfe274b,19,1,60.52647866460248
896f7aca-bcc1-46d3-ab11-ecc328f4b43a,2,7,18.395534320462374
5b938c47-71c9-4629-86af-0cce5a8fca86,15,19,100.0
af43d7f0-a41c-453f-91bf-8c0c1cc22233,19,0,59.90891941190719
86ade87d-d31d-42e8-9f0d-30031829a99d,12,11,73.09935768814894
256edac9-d5d9-49bf-a240-003c4e62a741,19,10,100.0
2771ed65-5321-47db-8b76-5910b235d932,4,19,81.18812921737648
ede5a218-6214-48f3-9b50-631bea3c65d3,4,2,20.401728639001547
15ed9258-4ad1-4846-8a9a-f43fd6bdc5a5,18,16,95.59237012749345
29990d6e-6b6e-40c6-b7f0-45d0a1c0636f,7,1,33.14970221051548
527ba0f6-b43e-41f6-b646-91cb8528fc7f,9,16,78.34006778073454
dab32c7f-ae99-4c82-97b1-82caa806fe03,0,14,35.33568854960145
303a2d62-a924-4273-826a-f62fd0448bd6,18,9,99.52335701482541
7e94c5b1-30d6-48d5-9832-df65413501ff,14,4,56.94416407163303
a90010d0-4b0d-4e25-b7e2-213aec527943,4,15,68.54111023371165
71359fe9-9bf4-4c61-ab87-7a1fc0faa5c6,7,7,33.31099439148863
1d3bdc08-f677-4b49-895c-f28a5e223ee8,3,5,23.504023687858695
abbbb77d-c3bf-4481-aa2b-28269c9a1733,0,2,1.0
c2e9715e-5fd1-4771-98cc-e593d057c418,3,7,22.487538807439986
aad0cfbb-d283-4d3c-a852-3e94143dcc19,11,5,58.699124059787835
39e7f02e-a567-46ab-b245-278a8b93fdfc,2,16,58.58008418904962
ac41a493-f9d3-49f8-99a6-05d3a06a19d8,15,4,64.18170178027648
5b263169-526f-4828-82d0-30ce522fcc00,11,4,48.37716889307175
aab7418f-9456-4762-aef4-d1f691658329,9,6,46.61196257326769
827f813a-dc02-418f-b163-c7fcfb75446d,13,0,45.97544833437869
1544b62c-8338-4549-b066-17c6da795a5d,1,3,6.047163361410251
5f2f05cc-6c7c-4aec-aa1a-48f923042266,19,18,100.0
21b97493-9624-413c-884b-4e225e39e0d2,14,11,76.62481501522467
3635d922-68a1-4cce-807d-39d5c390562f,1,9,26.224922013176993
e534028a-6d3a-4950-9fbf-46f809e7eaf9,8,7,66.39866946574027
749e7a4d-99d2-451b-b107-45545b189020,0,14,46.548314724747364
accc0893-3bd0-4013-82e1-4aedbca7df28,0,13,51.83242626813024
d70d54a1-57b4-4bb3-96af-d9881b04fdc5,10,13,70.60097087029823
fcd248b3-031b-4324-898e-1081d7cf8cc3,11,12,88.68255493757083
60665279-b17b-4167-9cda-4514e0af5826,7,15,100.0
95bfb976-5d54-4712-a4fe-e8eac39e148d,13,8,76.03784785898235
a3c58f4a-d88f-4597-90f5-e730fa18afd8,4,18,71.45727477348328
aede5fe1-2e12-46dc-8624-ebce33ca3602,2,13,55.11383745737409
4a17ffcb-8c6c-4537-bc0d-0e6857d9ce1d,6,2,27.08426415727415
bb9b765e-5987-4761-8146-8c0ec65cd0ef,17,8,84.69219216807683
c0c0c1e7-a669-4e6d-90d0-b480bdcc096c,13,11,87.47557254521098
f7c70468-ba2e-4be0-a910-245161c1aa51,17,10,100.0
a440aa35-06f6-412c-98ec-f47e4adb97e5,4,15,76.79871491652291
480ce197-0e8a-402f-b4b7-8557973f9b77,19,12,100.0
1c56e693-c758-4331-b49d-d94942b828c9,17,3,70.34441329872826
b6fed3c6-dd1e-4134-af5d-873a593ad198,5,6,42.69652682893234
ef9d2183-b383-4090-82fd-73bcbae1634f,8,0,5.1650018930501265
acdd2f40-273b-47d9-b110-8398e5ebd4e5,16,6,76.08664817686548
4c05c617-ef22-404c-90e0-f5233dc3871b,10,9,45.54601620421606
fcaf27fd-8649-4ece-a840-bd892f0cd853,11,0,20.916973087177688
943deea4-0ee8-43e8-8320-d937302a0aa1,13,4,83.08877791560884
0446b34f-467f-4bbe-b6be-6c7f72bf090d,9,17,83.56066163828518
b10304d5-4a41-436c-b666-16e103443613,16,17,100.0
4df3744b-dafd-4b96-8f07-655478ec29c3,9,7,42.43142975902411
27a950c2-df7f-4c60-81e1-d4e5a22497c6,0,10,19.685919439814697
8da2072b-4d67-4636-93f2-727c0b382213,10,2,43.12754491837496
63ccedf0-d8b5-4aae-b1cc-4ac3fdd6433e,13,1,50.2153161482521
a89f390e-a091-481e-aa56-f839363f71e3,7,2,18.846827104015144
ca90b0c2-c863-47d4-8559-afc5675dac01,13,12,100.0
6307b81c-7154-4116-a0e6-fdb00ced6758,6,9,44.134775016124486
052d9403-106a-48d4-9e24-727cf89867e9,8,11,66.96379129835687
c3cf52d5-2822-4dc3-8a76-5bf9099d86d6,12,6,59.53235295524483
79feed47-8498-44dc-b5d6-5fb9f8470412,9,10,61.190723713316
035af84b-c7f6-4d5b-b458-36ef4f3f3e0d,8,12,78.60580927112397
0734e1f6-2090-4119-82ac-64919cd0e9cf,15,3,75.91600229015539
e1f932ea-f3fd-4cc4-93aa-77ec3b63a6d5,1,7,18.700021364470288
878537cb-5973-4e9c-8c7d-a93b86410891,16,3,68.28273488775217
90b12a6d-a9eb-41d8-b6b0-cbd4e259084d,16,8,68.50270287923776
f6641bda-44a8-49b6-aae0-f9218872433f,5,12,55.07993006378513
98239e62-ff63-4c07-85f7-9aecaf022b3a,5,6,50.336271773698684
35174f51-da79-40ec-b277-09f092cc0281,3,17,81.1883597643172
74ce92ce-c1ff-4fc5-9a82-15613c3bed5e,6,18,89.46203424566777
41080287-988c-485e-b3f1-d2b927083ddc,18,12,100.0
8607d639-948d-4521-813f-4c0c19e0f18e,2,14,55.82495260986284
9bb06358-6c23-4ac7-9bec-b053978f9f7c,17,15,97.84391956760675
0575d45c-dc71-489b-baa0-dd6633f31b17,7,14,95.15207789813074
cc2e8cef-1990-4218-80ce-e9cbe20725eb,8,4,39.466319581104585
3110d362-322d-4459-80e4-8db34099c450,14,10,81.76906772587277
90200a0b-2469-4b50-8779-24919e3bf401,9,13,67.23684907251072
ab78cb80-2ca4-4f08-9ea4-c839f949f106,12,14,94.03328653068705
f381ac41-d475-4652-bf39-30e5eca85a6c,19,8,100.0
51b5a185-3550-4920-8781-bab58fc241c9,1,6,21.214969087597446
9b5d5189-784a-4c6c-8584-49b230cc8e2a,10,7,74.89187348087185
2b21bfc6-bc76-4206-9613-93fcd7174cb8,15,2,59.408738639476624
21fe7d8d-5eae-4c6c-bb79-b150c290c0e6,2,16,84.38649778933821
a29b4b03-597d-43f8-884f-afe532214329,2,19,74.9787653444108
2007e93e-9a4a-4ce0-b99b-04f73bbd5b2f,4,6,30.393609862151028
2c7f88c0-43e8-4ba4-96c4-63ef9498c6d2,1,15,55.44052651489541
9a2b28a8-b407-4a56-a24f-e99d73e4520f,19,7,94.2949160180354
c231451c-bfac-4253-82fc-a8f0c7e4f447,12,3,53.98766266351395
28412716-7545-4e67-83d0-688f565cee61,10,14,70.58537870304714
715052a6-f241-4af0-a3ab-ba8615869a45,10,2,25.262453211135018
db05cb3c-a7ed-462b-93de-dcfd8c3c71f6,5,6,27.256233360955246
9460ead5-af02-4b39-aacf-9b88330e493c,10,15,94.67896867949945
84b83217-1dad-492e-9fdd-a53eb342e0e3,16,6,79.87313781345345
327eb953-9f30-4c7f-9e88-66eed38f128f,11,4,57.22909721466995
8adea43d-2377-458a-bef8-ae27aa003ef0,5,5,27.149539971229135
23f2c16d-dfd8-49cb-b973-96d4f73e6ab3,17,1,56.57938712222141
ba4311b0-5258-45ad-a08c-09cccc428b38,19,19,100.0
7e2a117d-8ce4-4d41-8f1e-628fb2fb520e,3,18,70.57216527296997
3d82c1de-908e-44a0-a03b-964cc2114099,17,11,100.0
01898db0-fc68-4f18-a7aa-c7dc3551f258,11,4,62.04900926912592
74b5cd88-b20c-40ab-be68-405312406e1d,12,9,58.94027321636501
5bfa807e-526e-41cd-99a1-6f23cacf0a27,11,18,100.0
4245ee79-c5d7-4290-8a25-2cbd98941282,3,6,21.93366984243666
d9dfef22-9d5a-4997-b8e7-3b6f78b72bd6,10,4,50.74234357025473
d02ffee9-acb9-4a1c-97c9-02f874615794,2,11,30.03972356717871
9c81ba57-c39b-4600-88c7-824ebb399d25,14,4,46.126758195114206
a179d2ba-c64f-400d-9afe-90b76b8083bd,18,15,100.0
f78f0fc7-cede-48e2-80cf-cc8228a2b679,17,10,85.19813654696449
5ab82112-377a-421c-9aae-4ed26f19e0e9,1,18,67.71978520145731
25249880-cb01-41bf-83cb-391484c2dcc1,19,2,58.95927056324792
4fa02455-3ec2-490e-9316-0a7debe47455,10,3,28.548676891826073
5b60f2f1-c5e7-4ea3-a40e-5f5c47245549,19,5,76.70446434104873
7c96a136-7601-4b93-8d98-f298d459cc76,0,9,18.881980902533623
1a555ed7-d573-4946-b3eb-9ab065b2e648,9,19,100.0
a8029246-bd52-4d66-9cd4-f250b3f9bb4e,16,7,85.80446034628159
f5cb5edb-6665-4629-91ba-1e75b995de4e,3,11,48.983600514620726
c009de44-7485-4af9-8354-f7aa19851301,8,11,55.7466933972744
15d203ba-3c1b-448e-882f-5a32924f5785,19,1,60.97440255595385
8a5af59f-ddab-439c-bfe8-50319fd83182,11,17,96.60454561549707
649de528-3349-4fca-a646-280ac53cc89a,3,9,32.702590528564585
dea2df55-de9f-48e0-bcd3-750d40ea6a3a,1,16,64.30605098672741
7d79d191-ce3c-4105-9468-a6544c0483aa,18,2,67.80315290645329
0cf486f8-fd41-4ab2-9a38-3ae1cc7285bf,10,16,94.28771911628974
ca557942-16b0-487b-9f52-81cdec555d99,11,19,95.89529796890851
87998ca8-f213-4012-b1aa-0c6ea80deb51,19,0,53.13575484964883
85bbca81-b06b-464e-9f8b-617f60d0b82d,12,4,50.68093180474201
5f6e8e0c-2624-416f-aed4-34a695e9270b,4,10,53.1139821584971
b378a596-868f-4bfa-b379-e61ccf852737,11,1,43.71692063767321
7793cf83-f0b4-4315-888e-f6610191d564,17,13,100.0
3f2412b7-4ae4-4aff-9fa5-278f7a131ac4,17,0,45.37017906831768
8eb27ea0-6037-47fa-87bf-152002db3d43,13,9,86.53648444196004
cea89adb-3150-4d15-9519-3e2789467d0e,3,11,44.58514286577417
fc0c177e-f10d-4d49-ac28-33c0d9ffd4bb,6,1,1.0
31decfae-7def-4870-b943-d42268a59c39,17,5,84.28969573296706
2a395e94-cbee-443c-896f-9ba805462e0a,10,16,92.42189753490374
4885e0fa-fcc8-4418-8d06-67f8083b2533,0,14,32.68175991470808
938b81c5-d1dd-420a-a95f-aead27f4a4ad,8,4,41.323394284883626
b806ebe1-202d-43b5-aff2-4f08a82c48e4,13,15,92.03671424196241
723fb890-6866-410b-9f4f-59e3e1d80b75,15,3,59.85348480615929
266dd463-5f19-42ee-93b4-1f227cb87292,15,6,70.32737764226653
4ed06ef2-a231-4563-ad62-a540d77ae9f1,12,19,92.39647636050553
278e2959-07d0-4d87-af11-a09a0ea0c405,8,18,91.15478267164058
c171f3d9-d4e7-4715-8421-a388d288528a,1,18,55.55986059514138
c5617b7e-3c88-4a2f-bb8b-db70e8c76835,8,12,67.86179939156744
27e253ac-9f0c-4c2e-a6d6-74754f625d95,2,8,48.54879555635454
9cf2066c-9720-43e7-8f79-0ff94b6ddc2c,13,0,44.58254761489952
bc2d6a90-8c12-4059-84a2-3fdd5636e83f,8,7,42.40614548358032
add91388-e68e-41ed-92ac-b05d0228ed4d,11,17,100.0
1c69bf54-6e19-4192-bf5d-7eb881677f3b,10,5,38.02078801025547
1c7e66d8-8e85-40e3-974b-ed1e4880211d,0,13,27.50824233149108
040cf1c4-4578-4fb5-a4ce-2a477bfcb630,4,14,61.97485590995033
28502d67-d44d-4a5e-99bd-bbdb78e3132c,17,17,94.33070739593536
2e12e539-5bae-4d2b-8e31-a6d53e8fb9ba,16,14,99.27127185964414
2b5b285b-70de-4d30-8c97-bdc955a789a1,16,18,94.93563313945631
aa8df490-aac8-423e-9aca-51cc72a097b2,8,13,67.33935300289653
187cb55d-33fe-4889-994c-3a0517270559,13,17,100.0
ab4977cb-e919-4f44-af7a-81c9f99215a1,18,8,85.39436779616017
533575a9-5841-4b01-a9a5-4c486bd5a857,6,11,76.49110869283115
665838d5-8489-4868-a2ed-a9396bf13445,19,8,100.0
e9584cf9-a9af-40a5-8702-694796516fa6,10,9,71.21203836409298
22d2da39-ab45-444a-be2e-93d19a3d6e1d,11,12,79.43845649071459
6fa73686-d81d-438d-a03b-f9910a7fe26a,10,16,94.8176283216157
95e7dbc2-3d72-4ba3-ab4f-efa4272b94bc,8,14,84.13257222771512
8a80b8b2-f9be-4b4d-a157-b1779f95e057,0,1,1.0
e174a0b2-4793-4c4d-9988-a28d995094fa,8,7,39.360270093902336
5b544440-09c5-4f2a-b70e-d85645122a49,15,13,93.27322341225658
78854e6e-bb9b-4668-b006-8325f64ee263,10,7,54.85870569811147
af848aed-6280-4343-adda-e93fc886a14d,15,4,73.09049186168335
7e2a3ac7-b179-4ce0-b662-f7c223d7c424,12,0,38.88318600501254
9674f185-83fa-4ee9-b1ca-d4be774b3bf7,5,8,47.72754691988083
52d01c2f-b293-4cf5-a07d-625423d784cd,8,14,88.30256797565445
ea8e1dc2-f5ba-4b75-af74-17e8a0a0000a,15,0,32.52079931077822
8512bfb2-e12a-48c8-89db-58348b58d1fa,17,3,58.5307958645448
648b9d0f-0007-4f1f-9ccd-5f5cc19542ba,11,19,98.89012354289082
3fc127d7-6485-4743-9afa-10bd848096a5,11,14,100.0
1e6847ff-65b7-4d58-897a-9f28d14e76e5,11,8,74.56133283190567
61c5f262-6197-4cd5-9303-738ad1132a32,6,1,29.072713908391
5b9072bc-f90f-4d2d-81e1-98ca8827549c,17,4,72.57537803920702
b044771a-49f2-45dc-8ce8-1aae9b0c3595,16,3,66.31718385720086
254aa156-db1e-41ba-ae33-f4152768a171,0,16,50.999469879961794
4d88d6ff-ba66-4a90-b388-b654e5403213,14,15,100.0
bc6a57ca-63e2-4cd1-b20f-703070ccfe05,3,2,20.658140780106933
160cae5e-d546-4de0-9ae2-e4090a645d42,12,11,74.13648367071234
5b4799f2-2780-473e-9191-cb1a91147520,10,19,89.67699259463583
fd8e6447-d797-428b-a94b-c297c49c97a5,2,9,31.847521166706528
76b14179-14c5-41ee-a130-193055b08e02,15,18,100.0
263752b3-e502-44d9-a65e-64e78d96e536,10,17,84.3350968691844
8d2a7d5e-327f-4dbe-89c1-b89b9e36e0e6,15,4,53.34377568609527
adeff1b4-061d-4cca-b2fd-06c7ea4af82a,7,4,36.00661212746563
690f2db4-c289-49d5-bbbd-dbab22db9636,17,6,87.79032129090237
41d94e6a-f4b2-40e1-bdeb-c46552fdb95f,13,7,74.47388925773593
33f3c88d-b178-4024-b743-e1da469aca71,2,16,75.19454725623292
95987e0b-92f9-4b40-a506-f2aafdf42cc9,11,1,38.63399101036788
eaccce5c-00aa-46f4-8b7b-fbacb433f12b,19,1,75.05270243782964
fe8df77d-6273-4f2e-970d-4055917d2a33,0,5,7.882594053152033
5e3efd7c-e438-4a42-813e-ee213c61797a,2,1,7.537077938114404
0003f43c-d928-4cc3-8f0c-698754bdf60d,19,10,88.01097365283456
0e71f000-5873-4c0d-bebf-92f4143069b5,6,13,69.13563973377778
23631074-7072-46a3-944d-df08cf6de22e,10,11,65.9429188222149
35971afb-e6d0-40bc-be6a-6511d3de5ca4,7,4,25.630599015104437
d3bccc70-2212-453a-af5a-04f48b95df5c,5,5,30.452763923409737
4f7c494b-4725-4222-9042-6e34467ef3ec,15,15,94.62811312810025
363cc621-17a8-402e-9b73-a98f75c2f603,9,13,83.88103857026469
5b72acf7-bc97-4112-b33c-762e48ed3f61,18,4,77.46626124551732
c8184224-8780-43b4-b6ac-cb4321e17f30,5,17,74.8252986597013
ba62c990-dde6-4e77-8e15-b92cd2a0ad52,2,19,82.94350866130948
c1e2d236-0de9-4a69-8c48-2fc28664b0ec,11,10,81.51528913192426
e38acd43-a59d-4369-8e1f-94adabdfc053,3,16,65.86294082518418
48c58bb1-34bc-40e6-b7a5-8d7325023d61,4,14,67.60357025371677
cda0e485-f070-4651-b068-31675ec4a64f,2,0,2.3181585096779025
661ce7f5-7376-435f-aebb-894bfe4ace2a,19,2,67.9563277171701
f558d6c2-4e63-4eeb-9f85-2d7b9a24cb1f,12,6,70.46438064347232
87d219f0-75d3-47a0-ab60-cfa2d86aaa9d,15,2,55.1631086622436
dd997a57-dbe6-4bd6-a691-e70e175b389b,9,5,34.767807619092736
30cee573-013f-451c-aa02-3457425aa3c1,4,6,49.926512285080015
9fb816ce-8c36-4540-87c8-200e0a07dc29,9,10,42.66099488063321
3232ae17-edb4-4739-9b79-b6e7ca464f8a,2,17,89.15646950936684
64659ab5-1f2a-428b-bb52-1d28c08735df,9,16,99.20390691114436
3f6a876b-2ee5-44c5-a1d8-934770b92794,7,1,18.044623305727452
db01f751-33ec-40bd-96b2-ae93314bc9b5,3,0,7.1371194880993185
13a5e041-f775-4894-963d-2b9881b79177,7,8,54.59397763807977
f299149a-6bcd-4c92-b9e5-6f12988e4836,19,15,86.28310359135757
0f5462f0-64b7-4535-adb2-e0e735b41b83,5,2,7.041733301980727
68daaaa9-ce05-4868-8059-7c55f3cb9db1,3,18,74.58946012295473
41125a46-d1a6-4ecb-8351-c8ac039cd262,15,11,94.71237191743805
bea7dc3a-4699-4ffe-8fe7-d028d1306332,17,18,100.0
bac49d81-a9bd-4db4-8d30-8fc253d88733,5,4,16.339990263261306
cb6c9b19-fd38-4b1d-8c19-2b5164f52ec3,3,2,13.198577801757994
e8b3212d-585d-4117-a9f1-72a19f71bf06,18,10,100.0
e3c53987-7d41-4a89-b3b6-cd741b624570,19,6,84.89308423679694
f6733e54-a97a-4a45-bc8d-1b0f41e2a120,14,12,90.17774355306392
45b8e741-4a51-424c-a746-84d99cc901b8,7,13,46.8915322155001
d0e141a8-d738-429b-8c76-3df0ea2535bc,17,2,71.83350899765864
a7fef2f8-2b51-4715-806d-3198726948a3,10,1,29.46842121808243
f85a1a02-3626-48f5-b8ff-ed568d5ad4e3,4,11,44.436665804224305
e3d87c40-5f01-460c-961f-3902784705ab,6,14,70.98000957673642
80fe04af-038f-4834-b4ca-c3bb09374675,17,19,92.72698515344479
968a7466-6db5-42e8-847b-d19d1a2a7961,16,15,100.0
f64a25ca-8ed2-417c-a743-88d2e75d6b1c,7,9,62.80371964153889
33db0c9f-6be5-4dcc-be40-5335bf4f2df3,16,5,77.55394550625593
761193ac-284d-4c41-b815-e35668153464,9,15,68.21283424636559
1f273c74-55e5-4506-8260-27ca5a1877fd,9,10,57.77843554009672
8155007c-5b08-41fe-a350-1b1da8386f71,7,7,55.01755672885702
8e900dc0-b8d7-4685-8861-de6909c23845,18,13,99.69588830723674
5ebc86cc-9a39-4ded-85ae-e0e2174be675,10,11,76.54035101393993
ca4f3d93-00f0-455f-ac5a-57525beec912,12,3,56.00826682492674
a9df50c9-7c12-476a-ba2d-a02c1bd42901,11,12,84.83745577656703
1c1a9fc8-36eb-4608-a1c9-963d8ed36008,0,11,42.54964826159022
78fb2899-2ddc-4404-8842-5d9978581598,4,18,75.74167792084641
7bcc25e4-dc0a-4a78-95a7-812fb1acd401,17,13,98.42807918346918
9b7a67f4-51db-4cbe-81db-ad1f4d5d6c04,10,12,83.73544322073924
bb0814ae-d394-46bb-9dc4-2e49a57edded,16,7,78.41059556681044
151550b6-ef3b-40db-b1c9-caa53f008a4d,9,12,79.61831439420916
f19b0b45-abf8-47ba-89c4-e384d6344b06,0,16,35.915652334445106
708bfd29-b001-4cb6-a416-350f6a6e8f16,8,11,57.330659181430214
3fc2abe9-45e1-4883-9829-a3baa2505f15,1,9,31.88288140524158
4c2dcc5b-d4d8-4f33-9a59-f536e9cf8c6d,4,11,69.42156320359992
7eeb62de-3583-4544-b57b-c96a631db4a6,18,2,68.72973631947883
70809501-47fd-4b62-b698-65efc8240031,5,19,64.6948586334413
b3c7cf9f-507b-43e9-b817-9027a6a4ce4e,3,2,20.18892492118999
abd1f2ba-474f-401e-a64d-fe914c762e1f,8,15,77.12576265388093
b9ab3eba-8178-40f6-9234-72e556e1824e,17,17,96.94329658434538
ab79ebb0-f7d3-4966-a668-bcaa11996859,0,12,33.87602136951142
a1483cd5-1dcd-466f-b899-7785be43875d,13,11,85.46718348648207
e960b158-cb8a-4739-a573-1a3291d20ffb,13,15,99.48041932871702
0f1e4bd1-f5a1-4d63-aad0-684e663a6961,4,13,53.34694360598387
6f4c0ef2-9cea-4084-8ed8-854007ba0228,2,3,10.33549427959799
754fade0-e0ff-4c76-81bb-0cc54cd2dff8,6,16,71.38956175534534
28056765-4894-47bc-b1b7-cbad5255b1ab,19,11,100.0
958f6483-eb46-42ef-9b2e-914eeec3f3da,1,3,1.0
e2ded0c9-fd26-472a-9e77-632e560b0681,16,2,60.790834458126355
723edbb2-bd38-4128-9983-733c660d643e,19,9,100.0
c6a13f57-44fd-4ac4-ba77-38a1cb3f0470,1,8,28.401446377929975
c4be2d4e-39ce-4fc6-9e04-826e1bc8b76c,18,14,100.0
e0efeff0-fd5f-4a7f-bbbd-b2a9247b4a1e,16,19,98.1768804952143
823af4c0-43e6-44f7-a906-43dcca6ce08a,5,12,53.51106470824275
0c38dc55-1147-492e-a9a1-abae107fa023,16,9,78.3795787875479
ab09db7a-73e1-4deb-b731-53b8dd9ee5e0,11,2,51.37172620771905
b870a36d-8612-4f01-85f8-34f56fe62f00,1,2,7.283266279689358
371c769e-9754-45e9-bf5a-8a4fc2c794a2,14,11,85.42662080915859
21ea7256-4a0e-4f41-9a2c-2dcaf768f325,7,6,35.72836701963826
5d7cde31-2028-4096-a685-c0b538a79b39,6,7,45.882728225332805
91b16552-d517-484a-9dab-08f4ecfbb872,6,12,56.00247627888159
7fa35ff6-5192-429b-8718-79ff1c2d8329,16,17,100.0
37a9e00a-69fa-4a05-9f7e-1a3bf6583771,0,8,24.03880483117448
176635ce-fe20-4560-8a5e-3bb999c4f5fb,2,13,55.26610680421508
f066839d-b982-457d-9171-56361f0ae4c2,9,18,100.0
5f9e81fd-56ff-49ee-864c-c6675a41f1c8,10,8,47.387606613977475
60354997-9076-4299-b3af-c622171fb989,13,13,81.60106481220019
1b2ffc6f-db14-407d-aaaf-788e04a31370,15,15,99.23042674344107
1820ee79-d65f-4151-a4cf-f4749c2b563e,16,19,97.81773881862276
0f5511a3-d055-4007-94d0-2cdf88d57d20,16,10,89.60121902709294
783b28dd-0d73-4565-90b2-dc4f59cd81bc,1,9,34.373035769097044
45e34bd9-8712-4ab9-8b56-19b8f3509a8d,4,12,43.80396584535396
43efb332-e51c-4cf5-9aee-678cdc5ec4e1,18,15,91.39282659680802
1a8e0731-9b4f-4836-b265-488c6ddbe4c7,9,0,24.446969986824545
5295b4d1-548d-4cf2-be11-14be58a8e91b,4,12,48.784718801136066
5cd9e9d6-69d7-4ed1-8366-9119a4464330,10,13,61.92679804370742
9dd2995d-c07b-4a3e-ad43-a6e7bd8df56b,19,3,75.36908755513772
fc7d8fec-18e7-4ee5-9602-58443f1d97c7,5,7,39.36011741697799
8d9d840d-f307-4db3-8fac-b3169afaa57f,13,7,62.297959938182665
4b79b390-34e2-4ef3-8d26-4b0810084840,10,4,22.651471948471308
3e2b4731-0188-491f-9235-71a621ad6a34,6,2,28.3714183012614
f74504d1-ba62-42f1-835c-da163c1604be,2,18,58.51811440441597
e3c9a89c-ef87-4db9-af91-fe4c1c4ee4b0,15,13,100.0
98d9dea1-e0f1-4ac0-9784-d1f04b541dfe,15,11,75.46790641293666
04e9ada6-e4b5-4f1b-8637-967b1c5ddf78,15,12,100.0
8e768747-9742-451c-8cb6-05a9dc5f0eaa,13,5,81.97290995324566
e9c3dd5d-eff9-42cc-9a3b-fcb59bf1b7ea,0,7,16.528697722370485
4e6de430-fe4d-4bf6-8937-372680c233ea,13,3,39.12431571163414
c07195f9-60c1-4e5f-8630-fe7bd7e64b86,3,18,65.63717316066833
0d2e3fc6-899f-4c7c-8d8e-510504a3323f,2,11,41.02489427785395
17f2fe6f-230d-4798-bf23-be439fc5823e,3,2,2.581121898783006
5c75870d-3717-468c-bb01-c89461b8a936,7,7,31.669663604401116
21c3925d-53ea-4b6d-b60e-652d19611da7,9,4,39.76355237253103
0d6a4a13-4d10-4043-9312-04e6afb4743a,10,4,39.09623070048432
cfff6582-77ed-4ded-b3fd-dddc5a9a8d1f,15,12,99.84431423899726
a92cadc9-0a9e-4971-9460-168cad56f92a,0,1,1.0
8c3308a0-2c67-404c-9bbd-7d715f5c8df7,12,10,76.20924674433596
c1924edf-ec81-4da3-a112-fe4eacb93365,14,18,96.45631686822715
64f7d1aa-f049-461b-aaf2-830074367822,14,6,72.39498229704284
241b84ab-fbec-4688-89e3-527a5d11b5da,13,12,96.1284297740514
27a31883-5361-459d-8150-7b4ce40fa797,1,9,31.077930831661064
97d5b820-b8ec-4af1-8e6a-a1a79e840efb,8,15,93.93744643047674
7e896de6-7704-4497-a184-2358a7558276,6,14,71.79655875950101
8656c195-668c-4cce-95ea-4bee9a59969f,9,9,58.51612403877313
5a6fd691-cbeb-44bd-9913-b06aa600752a,3,2,1.0
f524d55c-222f-43f4-b3bf-b42c42bf33fe,2,2,1.0
0f14ec26-527f-4525-bdd7-9eb73976d90b,13,16,100.0
24b83526-ec09-4d4c-aa5e-c07d267c7323,18,7,83.52036916801707
3e87aea1-c5e1-422c-ba37-6152c84dd823,3,16,61.31043752861476
f9804d63-a19d-44fb-abe6-0d287b9797b0,11,18,97.72001466263937
86dca045-1d13-4163-86b3-c0f04844550c,4,17,64.06597688386829
2d5717d8-97e9-4398-a409-db1f01b132db,2,8,30.12364309581459
65ff1baa-f06d-441f-b43e-0cc0f9f1d009,15,13,99.70726568638352
1a2ea239-5644-4ff0-adff-2784919fd644,19,7,88.47164919970794
68e5fc0d-9ed7-42a3-9fa7-7ce5f620fa6e,11,9,64.96984306404167
5f4307c4-34b9-42d9-936f-04315abc69a5,13,15,100.0
b8dcd461-897b-42dc-a821-6a5f23c32937,14,12,73.9762792519682
bea8504d-fc86-49e9-86e4-0a98d91263ec,7,4,24.551212692759258
3861c9f7-677b-4716-bd54-bf4fc44bb806,17,2,72.08809264478505
97e76cc2-cf47-44c0-aaf5-f4985578f2ec,6,9,57.44587127577494
b197bf87-04f8-4ba4-9c8e-df65f177ccc0,16,4,68.09799757028432
b58becec-b525-4508-a344-b36d2cc883a8,12,9,70.02205451549848
0bdf6ddc-5328-460a-a9f6-0a6172cf141a,13,7,82.24326458432908
2b43508c-2378-4f35-8855-6584e0d10c01,5,15,87.34170933181491
6e0a43ab-3f8f-4e9d-8e1c-b458bcc3d931,3,10,50.07906264826551
9b110b57-9427-475f-85d0-90a45745e48b,13,8,63.2524388201955
6ddf399f-b815-4834-814b-2b354c9c987c,17,7,99.37536081675017
6df07814-b5c1-44a7-a60f-2cfe1c284d45,10,16,100.0
1ae27f83-6d0d-4622-8e85-0450e407224d,7,1,1.0
391c4684-4186-437a-b3ba-45b4fe65cd2b,0,17,66.55431915176192
2b8c9bd4-33d2-4348-bcbb-41217ece99cf,15,2,71.72787442401268
078a0a80-178f-4503-9acf-b2731cda4dd8,11,12,77.18502343994854
b49568a2-a826-4200-937b-bc376a706432,5,5,25.99425409691708
69b18f2c-95b5-4879-86c2-0d81d4f26900,11,8,65.51103435426032
42c3d797-3d4a-4fe5-9d79-89384d418c9c,6,7,31.116548421841426
7c3eb732-4852-4385-b905-67f130cf95cd,5,11,77.64144517015717
2fa10728-dd7b-405f-bcd4-64928588bc46,17,3,89.18083525998782
70ffb899-a215-499e-ae00-d27fd9c2a56e,8,13,84.56041792559836
71432018-6c88-4d39-9bb0-93860f931c80,16,12,100.0
f3740cbb-e5d6-489d-ae2d-e3dae7eb0479,5,19,76.142780968099
0da10e51-0135-4802-ab54-e9c47b3b5e7f,2,3,3.11789340925469
51a6ba81-5372-4955-bd2d-1092f97ae4f0,14,12,94.6444829763975
3b26301e-038a-493c-b6dd-b708bd55e129,2,2,3.433583880304844
10135b6c-19e1-44c2-8bcf-f33b6b1a5b39,0,9,29.693389499477696
225b05ae-c58b-48b8-b1fb-3210d6075ba2,3,14,66.38521112280299
e343409c-3bdc-4d7d-86a3-cd8e011e4c18,4,5,29.23811264107772
31ffff84-c132-4331-9c55-1884b5a2a6d6,9,17,96.7827549020281
aec28292-fd93-4e92-b0e8-01e901bb77ac,15,14,100.0
4fae6589-def7-4ab0-8e7c-0c17ef5cf11a,7,0,4.7680267379881265
dfbfa602-e0c3-40ea-a544-635dbb4ed902,9,4,26.80726858590452
a6a63f7f-9ed2-4347-9f76-dec63879b5c2,12,4,50.680383787063924
86275803-7ceb-4bdc-9dc3-6ef6ba65e121,18,12,100.0
c9c1b30d-cdfd-49d4-ad4d-193be1e7ae58,5,19,80.82050349874375
7a178292-9646-462a-bea4-d40a3ca230a8,2,19,77.67518956536652
e27129d3-26b6-439a-8a16-60d068ad8623,5,3,20.381074111202523
a13cfaa9-08b1-4a50-afc0-e939343d9c11,18,5,94.34997079281374
3b112df4-e240-46f7-af80-e9560a56db47,2,14,57.78075551215784
1ac7efd2-b4d8-46ed-b156-b43eb1ed26d0,15,12,100.0
d9e0330c-0a14-46d0-9e23-39ef0acd9e1a,14,5,71.01223893838453
810cebd1-7893-4f27-b883-1d4089cc81ef,3,15,62.100307046107325
c521d1e6-ca05-461a-a8c9-1b33dc6c27bf,5,10,44.66644712117908
7b2ed6fb-de54-4a5c-892a-65cedea2ba18,2,11,38.22577974358187
2c1db463-a70b-4187-82e1-aa88c93619de,6,19,86.39856420703971
74f2246f-22bf-4a22-9973-2854938ed695,3,18,87.40037822738333
1876678b-fd89-4fe2-a8d6-e54adbe39008,11,5,35.34737077498814
8de83ffe-634d-4532-a5b4-72493a996f47,9,19,94.80513707644923
8bd46de8-5ce6-404f-986e-6a126b714cb9,9,17,96.30676132353237
c2b3354f-9f37-4451-8b68-602bf0da40d6,16,10,99.8403487079449
d7dc9c86-feae-4c6a-89c9-2daa8eaa7a49,1,3,18.237722724132663
b672a5f7-9b2e-4961-89a7-17589a4b70dd,12,1,42.54967682126944
9b0d642f-3b84-4c13-9534-468b9deeaa12,2,4,7.573230580178051
ad78c374-b0f5-47fb-ac8f-a7d0bac58d38,12,5,44.798231668119946
89fe86f6-5d16-4c71-9b77-8c3b4e6bff87,13,1,45.12586318424718
50130e39-243a-4d80-952c-a6ea7dc20a7f,0,11,17.93197421971076
8ccefe5b-5e68-4e0a-9552-de6a1417bb89,8,19,100.0
59950558-e396-4cee-bf55-87b9183d5468,14,19,99.74877637037258
0c352346-0848-470d-bcc7-cc0207f68d9c,4,2,4.510922655554828
c02ba7ba-e24d-4134-a07e-b473aa6743ef,9,8,48.0310098367331
cedfcb85-b6b6-4feb-a210-133151e2edf8,16,19,100.0
67a0e6db-aa10-4c93-b147-88d7113cc5ba,6,8,62.77576493916412
98679a52-3feb-46ce-b624-c462f784d89b,14,14,91.36041149051479
ae8376dc-50b8-457e-a9bd-0fb71f69d032,4,1,9.497458528353793
27286226-3d8d-4730-8faa-bb8dee9e34ff,7,18,92.98600112714882
3b594427-3c92-4164-85d1-2f4ccad6ecad,8,18,96.61684519403526
0946d8f3-ca4f-4f11-b8be-6d2661923515,4,1,7.509804173832116
886d07ba-6e27-40bc-aa94-23d81904a82e,16,15,100.0
fa5d3242-2d17-4732-9ef0-0817ec733f94,11,16,92.735626140371
da93a34c-69e4-4426-95c0-64fbc62a66af,6,0,11.167659895576032
c26f036a-15f5-4c54-8762-d8b313996e7b,12,9,64.48365337338234
fb827299-8ef4-43b8-81d7-bb8b8479ac64,3,17,71.93507412762591
99fd5d6a-3300-4719-99c3-09a0a2044a40,1,11,39.18912263401721
8e166c4d-a491-4c7c-bfe6-abc60124f330,7,11,53.51934523779606
c50c2834-26db-471c-8e47-05f0389af12e,9,0,30.54748636449139
09069c1c-c3de-4b91-ae5f-decdb3c958b5,1,6,12.299830879969749
5d6419a3-53b0-46b0-a996-313e105c21f8,9,9,65.39300579981551
24111a72-8263-46e4-b2e2-4b65d6b79f75,7,9,48.02417449904449
96d7c95d-e177-4616-9784-dc4d15fea630,0,5,4.912168110244556
8be6f9b1-dd06-4b4d-9569-437aff2642be,5,14,60.76004263648853
d081fe4b-13af-4611-91d8-51c5205dd150,12,7,73.11857031276296
966e53ee-3717-4479-b2d0-7dc5f7438d79,18,6,100.0
eaae2845-bd6f-43a7-ac25-0c301c7db3f9,11,16,87.02579086207967
3a9ebe54-ad27-4d40-9a78-a0cbb0e6d0b3,5,14,65.95584325439022
8ab3bac7-296a-486f-894f-f5b474c9de05,8,17,95.14902394185724
4f8ea119-3d9a-41a7-86e4-06165edcd8cf,15,6,64.34744068872982
eb6b4320-8b19-4ebd-84f2-1eaa155ce1b7,16,3,70.72709972277215
6f2b2295-ae6f-4a53-9b77-f7fae0b3b013,3,0,1.0
9c44cb52-8dd5-4769-9870-eb1aafd12b58,13,9,97.13170524355704
f980af1c-009a-48b8-a9f8-1f34362bfea1,13,7,53.984400228719046
888126f0-7a12-44d2-b3f5-72e9d88df292,2,17,74.44514910705462
b59efc8c-b26b-4339-9ced-cd354578d9b0,18,16,100.0
0a98ea7a-4b93-44b3-8b53-de7ccdb7b67f,14,4,70.10056552485662
dabc836c-d41b-48e1-9d51-25588adb7ddc,5,16,64.93035512890394
8bd8c82d-0351-4a1f-817d-d1932a61ef6f,13,5,72.86475558482249
d07e20ef-b476-410c-8de4-4e0f82eca308,16,4,71.8996161483144
d63a593f-9041-46e8-b6dd-8562e7f24f00,8,16,82.73217521687829
0907bb7a-63e9-4245-a48a-06e0887b54a8,4,6,31.20044372507238
4e06fd7e-45ec-4450-8d7a-ded4ec4017b1,10,10,58.46144464784935
f1bc2ea8-1d4b-414e-8cc0-6363dbcd4ce9,6,8,52.87053613631427
cbadbe1b-c353-46f3-b7fd-55c4e4b7af08,10,6,61.0585518288666
4ae2ecc3-2a79-40a4-b298-fd87ce779fba,17,11,100.0
8029449c-515c-4510-b8f9-c865f6d74e84,2,11,45.043165503352085
4ecff8d1-dfa7-43f1-8804-0fab77a82c45,2,7,30.32927335170822
ea4b206e-9913-41ff-b3b7-57a87dfed56b,16,19,100.0
6a3bd69b-6d47-4d57-aa7e-8fd19f78fd60,3,6,32.465315546145575
e8fcba10-6745-4a6c-a567-4605ff4c72e2,0,18,52.736811320561365
bee68afa-c4d0-4eb4-8c26-497308aecd81,17,1,51.98107163471475
60cf02e9-66c1-4e44-a8ef-eefb238ca82e,10,19,100.0
bd49a618-c253-49fb-877b-db5ea5026d2b,1,12,33.315702867522255
a62f377e-b828-4b8a-a532-33da91b8deb7,9,12,52.59261106809779
f12fd9c9-240d-40d8-90af-a3c3d6212eae,11,10,68.83430620518529
32db6da0-0c62-4b16-9bc4-e1a501bce19e,0,0,1.6389732399944816
cc0181cc-04af-4762-bb95-4efcfa794b19,0,19,57.082436290553986
9a577ee3-6183-49e2-a956-308fc58d7fa4,16,6,80.25781078391566
e669ea54-78f0-4cf8-8be0-2f662b220916,14,15,91.62222195974219
84d5457e-ebd1-4fa9-b98f-a82aa6c96115,6,4,29.09780204142953
49ecabf8-51b8-4fd5-8df6-f7f8aec0b76f,12,15,98.39600176419066
0ea2307e-3375-4300-80f0-18fb6b005a64,4,9,39.820999523978635
124c3a68-c4d3-4d14-99e1-66315232f923,0,14,49.715665582884235
db2a38fd-9a49-44a2-81c5-e28210f0ced2,2,8,30.94137454770103
c2f50e67-2efb-4e25-bdb6-4327f5b046d0,13,6,63.09948167837534
766ae4c5-3ee4-4379-a45d-4620c623193c,18,18,88.72127793585733
1a8a6ce8-9222-4eca-806d-57abb3e402fd,12,12,77.39409183561706
268c02d5-d1c3-4739-a88b-4637f2d1b26d,14,5,69.18346111811216
1bcb6b5a-d899-440d-b31c-274b9aae27db,4,8,33.001319530305
cdef3156-ada2-489d-a24d-e3461448d8a9,10,8,62.54322556053217
b7f132f2-ce61-4852-bc79-92464ed22bf0,12,5,68.97493390030263
0d1a690e-fa06-4768-8ef5-f628c65bbe93,5,9,46.87675219248007
a4398483-2bc2-4e7c-9ff8-365bcdb25da1,10,18,94.70327180729083
cddca2b0-e0a3-42ca-9bb9-40bfde6d2d63,4,2,1.0
488b091e-af18-4331-9d29-b4e08781b4fa,0,12,27.598384362478107
f74e216f-5750-4cc7-8620-66430ce9fb0c,16,14,89.41717540726938
6a6889b0-2c56-495a-9525-551a3ac314b6,4,19,78.28998433913524
48ebacc5-3daa-4e62-a242-9943dbb2af3f,7,15,72.32993107908356
bfe480f2-e556-4909-9d0b-dbf3af429291,6,11,59.88556182895333
4921dffa-8c1a-4f8a-979a-c853998092b3,8,4,61.156600464101565
098c2e0f-b44d-4754-90de-b3b0f3a8e78f,6,0,20.952636638578568
fa2dc9ea-9254-4eb0-96ae-a56432a50bc5,15,16,88.96295764221489
9ee02135-45c1-43cc-a169-9ca8215bb0b6,16,15,100.0
dbd10e0f-7912-4fb3-9da4-7429f868b871,0,17,57.794295936064074
9b133f70-da62-4724-ae4d-383d83a91881,19,0,68.81576089260038
a8cb5b32-d144-4625-ad35-14e4c74585c7,12,17,95.65605952432782
67bd0b02-ff9b-454d-9c76-757610dc7ad6,9,0,24.97414403734194
d3ef1061-518b-4652-b8c0-dca34ee1ea55,1,15,48.95341034488374
6784ab2f-60c3-48c5-8679-e5e6fa8c8864,19,6,89.96283367199145
f8a97980-3916-4cf4-bfd4-9d5b798d94e7,12,18,100.0
2acfd77e-d94d-42d1-a86c-3573737a2425,18,7,88.64039843099206
9f58941f-94f7-4ca6-be8a-225a598e7a39,9,2,41.359232793090044
30ab48b9-e7e6-44c9-a04a-4d004db93d8c,4,9,25.116320614365854
457aa14d-4d01-472b-8889-11353508e056,8,4,32.29894293674262
b1eaea6e-cf68-445b-80ce-8d07369fe913,10,6,63.190977173091234
cc6916ae-464b-4723-81bc-21f44951a32f,3,15,77.71523701546545
12be7007-df87-48d4-9ab9-e9f7808a7a2d,9,4,42.64066635060648
946d6213-669b-4ca9-9608-51a8c43a9b55,3,8,48.57297260997871
efaf83b7-9769-40ac-9feb-ae8568f7b6c6,18,13,100.0
3de0956a-8053-4512-90bd-e3131d7ddf1e,18,6,81.131743985897
ce6f8626-27d7-47a5-ae4e-805611608e23,9,8,54.06822205662324
45bb79a7-22fe-448f-8f54-dd67edd88e5d,1,7,17.08980885840355
1a7e38b9-6b74-408f-81db-32c2bb991f59,4,10,37.57955524504635
695a7877-efcf-439b-8706-6af999fdb968,15,4,52.313856112494136
92c05e88-0eee-4b7d-8927-7efe2a932811,5,16,62.225477908547866
966f82e2-503f-478b-ae22-8ff980fbd01b,8,6,41.99640324716828
8844ee0a-291d-426e-9185-17190983082d,3,3,16.73198638601668
11330474-1a3d-400f-87c4-c09c258d8f43,15,19,100.0
1218215a-ec97-4a2b-925d-4fce595f5179,16,18,100.0
ee85c526-69a8-446a-8b6d-02de107e6f4c,10,10,84.10076469461066
bd9697bf-6b23-4214-b46d-2d3be73ff5c9,2,0,4.194373775412012
95a35024-4b16-410d-9265-acd8bd643441,0,5,1.0
0cec2593-2db1-4645-a521-c8162d44e324,14,17,100.0
2a79e15a-4e6b-407c-8b60-7b5324b9e350,15,6,66.95458782642632
e2a81c3f-63e7-4cc6-9e92-3ddfedd4b0ef,19,18,99.72469634721426
dec392f0-8000-4881-8ce2-972c563db4ae,11,8,68.48508026667554
b9000174-90dd-45d1-b5ca-53e352cdc159,12,5,61.07927213259853
a38c9e76-d587-4a4e-a5b7-f098bbf5ad40,2,14,65.71371477152799
84340f4b-5cae-4f0f-acbd-3375af9f420e,6,16,77.09906542622183
0ad339b8-a7b9-4a0b-8e2a-201c71f8701a,14,4,57.37229724806619
53039da1-454d-49ec-bb02-85862d040a71,5,2,16.866892273360726
bd36f30b-98c7-4961-bb78-fd471863b22f,16,16,92.36682914775406
69cd962a-2ceb-4d9c-9328-6871376c676c,13,9,63.164089786907056
ebdda12a-82ba-4c83-a621-e5dc79ed23a5,17,16,100.0
d4a6ad72-5d8c-460e-8930-2d4b508a94a0,10,5,48.99942895276888
5606b783-5691-4aa8-82af-de4ec49cf365,18,13,100.0
e4a4d578-9732-4c25-b43c-aaf108c91a89,3,13,48.84821365329977
9c46efe3-8511-4752-a6aa-120d95d9f60c,1,8,24.760522989062807
7438e265-8a1a-4ee7-a5cf-5c86e76355c6,16,15,88.42712187959907
efc9eeff-be8f-4f0c-8929-7aef9e759697,7,6,32.938348893425506
a228092d-b573-4978-bd28-1275f4d95641,6,0,15.74963120995269
d2b1b29d-1ff9-42c6-97ea-b5704afd7e79,14,0,48.17611535606494
62701e7a-e184-4d21-90ea-c4f04710948a,15,0,50.22566381568987
a5fb2cf6-4e32-4e51-9ea2-2c4115e78b20,10,0,30.44614224676752
127cf374-560b-483e-be1f-7590a9c304e6,17,6,83.92153199207259
956c3b44-0753-4d18-a229-169762199b94,9,3,34.03318462509956
4d4e2c72-88a7-495d-a701-0bbab0d9a4fc,0,1,1.0
c590ea89-8a40-44ba-991d-6eaea3b3433f,3,18,57.43166118257895
2b070a8f-f480-4478-b0ae-d38d53d43e78,11,8,74.78573669499843
ec4d97ee-46ed-4c4f-b4d4-15ec5d7c32a6,3,11,46.20169121252392
b415c3f1-f69e-4cf3-9020-d7c3db283a90,7,18,92.56563687396623
baeec248-2e06-4769-be72-d22a6f44ae74,8,13,73.94124342542327
79c44d2a-f19f-4e7c-8618-d923da2bb172,18,17,87.90802253895538
0832a2f6-144a-492d-9821-79d6b7817fae,5,17,98.59800635491027
881ecb7d-e137-4ac9-9a37-66e49c9703e2,14,3,51.62043679065144
62148857-158a-4d58-85ae-7cc6eb40246f,4,12,45.84228217646915
223949ee-5d7a-411b-98b5-077cb84f2fd6,3,15,67.69681011098154
3fcfea65-507f-4e53-b79c-ad43c1193e22,0,15,66.18450534823718
694baae0-9a20-46d4-8de8-6a5992c267dc,19,2,81.82477403431685
32680ce1-b5fa-4661-aad7-523e00d5ac3b,7,12,67.4531610600656
8b243fbb-1e46-4e7f-b7c2-5cc4502180cb,5,14,73.20304780993828
00a67f77-6808-418f-a1ba-2851c1669d58,18,9,89.65501514361468
ba69d163-ab7c-4dc5-b856-0a75e362dcf8,17,1,61.835854377135874
fd2e48f1-6630-4af2-9827-7697e0545755,5,4,24.628959548755642
fbe223c7-93ea-4df2-b0b8-e58e02616d83,18,6,73.79371293074286
69e4bf13-91f9-4b7e-a3ea-6aeb8dd4ab05,7,16,94.12048174470112
6e59a127-0988-43c4-97cf-dee0656fb62d,14,16,98.50495176548601
b3649355-3d53-457a-863a-d4acae871a06,10,11,57.43209544090752
5988a84b-8f0e-40c2-9d35-d9457e5655c5,19,1,66.9799464682502
f12c9bbc-4848-4c0f-899c-fe92c156b7c3,0,11,39.509433142918795
9d0a5954-0b2e-40d7-9670-9f16cedc5849,4,15,71.13356922816492
1cdae73e-8325-462a-8095-5b57d497e560,18,10,100.0
8216c516-3e3e-4b3d-a70a-88a29a09f65e,8,15,79.92274795026002
3a6a6e14-c50c-4828-b33a-074e8212c45b,5,13,42.11714526179919
24a8f165-8b5e-4c12-851a-9f7e3d22f510,12,10,64.9818312088631
3c0289ac-9415-43e8-874c-b38e47ef9e5b,18,4,85.10585881227328
6a1c6cf1-c535-49cc-98f5-57373a1a7836,11,15,86.31368865149415
5a463c55-d481-4d18-bf65-0ee2e446ab53,12,11,98.4128864808977
3892ca04-bd72-44e9-8591-a58aa16a5ac3,11,14,95.9797259862336
e43e385e-8990-45c4-bcec-7e721a355e1d,13,4,60.33760706394278
